{  
    "desktop_os":{  
        "desktop_os":1.0,
        "dogs_vs_cats":0.9048866911,
        "experience_midpoint":0.7735934431,
        "job_satisfaction":0.6337710535,
        "open_to_new_job":0.8404629887,
        "programming_ability":0.667664906,
        "salary_midpoint":-0.2635661902,
        "star_wars_vs_star_trek":0.5542526062,
        "visit_frequency":0.9287647832,
        "why_learn_new_tech":0.9250935645
    },
    "dogs_vs_cats":{  
        "desktop_os":0.9048866911,
        "dogs_vs_cats":1.0,
        "experience_midpoint":0.7392001662,
        "job_satisfaction":0.5958761039,
        "open_to_new_job":0.8092958004,
        "programming_ability":0.6338584913,
        "salary_midpoint":-0.2560798915,
        "star_wars_vs_star_trek":0.5261792208,
        "visit_frequency":0.8869391888,
        "why_learn_new_tech":0.8837597529
    },
    "experience_midpoint":{  
        "desktop_os":0.7735934431,
        "dogs_vs_cats":0.7392001662,
        "experience_midpoint":1.0,
        "job_satisfaction":0.5325556163,
        "open_to_new_job":0.6809888827,
        "programming_ability":0.7908258958,
        "salary_midpoint":-0.2499323281,
        "star_wars_vs_star_trek":0.4423157388,
        "visit_frequency":0.7573330919,
        "why_learn_new_tech":0.7557381713
    },
    "job_satisfaction":{  
        "desktop_os":0.6337710535,
        "dogs_vs_cats":0.5958761039,
        "experience_midpoint":0.5325556163,
        "job_satisfaction":1.0,
        "open_to_new_job":0.5740844684,
        "programming_ability":0.4690492031,
        "salary_midpoint":-0.4157161803,
        "star_wars_vs_star_trek":0.3797102257,
        "visit_frequency":0.625037151,
        "why_learn_new_tech":0.623654699
    },
    "open_to_new_job":{  
        "desktop_os":0.8404629887,
        "dogs_vs_cats":0.8092958004,
        "experience_midpoint":0.6809888827,
        "job_satisfaction":0.5740844684,
        "open_to_new_job":1.0,
        "programming_ability":0.592512651,
        "salary_midpoint":-0.2640511851,
        "star_wars_vs_star_trek":0.6365374628,
        "visit_frequency":0.8992123982,
        "why_learn_new_tech":0.897157071
    },
    "programming_ability":{  
        "desktop_os":0.667664906,
        "dogs_vs_cats":0.6338584913,
        "experience_midpoint":0.7908258958,
        "job_satisfaction":0.4690492031,
        "open_to_new_job":0.592512651,
        "programming_ability":1.0,
        "salary_midpoint":-0.2392450262,
        "star_wars_vs_star_trek":0.4053244234,
        "visit_frequency":0.6486753441,
        "why_learn_new_tech":0.6473632532
    },
    "salary_midpoint":{  
        "desktop_os":-0.2635661902,
        "dogs_vs_cats":-0.2560798915,
        "experience_midpoint":-0.2499323281,
        "job_satisfaction":-0.4157161803,
        "open_to_new_job":-0.2640511851,
        "programming_ability":-0.2392450262,
        "salary_midpoint":1.0,
        "star_wars_vs_star_trek":-0.1962314384,
        "visit_frequency":-0.2619678875,
        "why_learn_new_tech":-0.26519319
    },
    "star_wars_vs_star_trek":{  
        "desktop_os":0.5542526062,
        "dogs_vs_cats":0.5261792208,
        "experience_midpoint":0.4423157388,
        "job_satisfaction":0.3797102257,
        "open_to_new_job":0.6365374628,
        "programming_ability":0.4053244234,
        "salary_midpoint":-0.1962314384,
        "star_wars_vs_star_trek":1.0,
        "visit_frequency":0.5835378653,
        "why_learn_new_tech":0.5828493529
    },
    "visit_frequency":{  
        "desktop_os":0.9287647832,
        "dogs_vs_cats":0.8869391888,
        "experience_midpoint":0.7573330919,
        "job_satisfaction":0.625037151,
        "open_to_new_job":0.8992123982,
        "programming_ability":0.6486753441,
        "salary_midpoint":-0.2619678875,
        "star_wars_vs_star_trek":0.5835378653,
        "visit_frequency":1.0,
        "why_learn_new_tech":0.9919177879
    },
    "why_learn_new_tech":{  
        "desktop_os":0.9250935645,
        "dogs_vs_cats":0.8837597529,
        "experience_midpoint":0.7557381713,
        "job_satisfaction":0.623654699,
        "open_to_new_job":0.897157071,
        "programming_ability":0.6473632532,
        "salary_midpoint":-0.26519319,
        "star_wars_vs_star_trek":0.5828493529,
        "visit_frequency":0.9919177879,
        "why_learn_new_tech":1.0
    }
}