{
	"age_midpoint": {
		"age_midpoint": 1,
		"commit_frequency": -0.0439008472,
		"dogs_vs_cats": -0.0108269899,
		"experience_midpoint": 0.5682659323,
		"gender": -0.032886509,
		"job_satisfaction": 0.1237953933,
		"occupation_group": 0.0167665794,
		"programming_ability": 0.2301881921,
		"salary_midpoint": 0.3450105361,
		"why_learn_new_tech": -0.0135548622
	},
	"commit_frequency": {
		"age_midpoint": -0.0439008472,
		"commit_frequency": 1,
		"dogs_vs_cats": 0.4607585448,
		"experience_midpoint": -0.0806098283,
		"gender": 0.0455705716,
		"job_satisfaction": 0.1800746935,
		"occupation_group": 0.2284354809,
		"programming_ability": -0.1561689322,
		"salary_midpoint": 0.0097618398,
		"why_learn_new_tech": 0.5025179161
	},
	"dogs_vs_cats": {
		"age_midpoint": -0.0108269899,
		"commit_frequency": 0.4607585448,
		"dogs_vs_cats": 1,
		"experience_midpoint": -0.0355680074,
		"gender": 0.0287603606,
		"job_satisfaction": 0.3013676872,
		"occupation_group": 0.0859055163,
		"programming_ability": -0.0316037292,
		"salary_midpoint": 0.0872052734,
		"why_learn_new_tech": 0.5519795883
	},
	"experience_midpoint": {
		"age_midpoint": 0.5682659323,
		"commit_frequency": -0.0806098283,
		"dogs_vs_cats": -0.0355680074,
		"experience_midpoint": 1,
		"gender": -0.0526486175,
		"job_satisfaction": 0.0911912051,
		"occupation_group": 0.0086293931,
		"programming_ability": 0.4299228235,
		"salary_midpoint": 0.4296277951,
		"why_learn_new_tech": -0.0226249835
	},
	"gender": {
		"age_midpoint": -0.032886509,
		"commit_frequency": 0.0455705716,
		"dogs_vs_cats": 0.0287603606,
		"experience_midpoint": -0.0526486175,
		"gender": 1,
		"job_satisfaction": -0.0397413894,
		"occupation_group": 0.0029199776,
		"programming_ability": -0.0285834602,
		"salary_midpoint": -0.0343216092,
		"why_learn_new_tech": 0.0005010235
	},
	"job_satisfaction": {
		"age_midpoint": 0.1237953933,
		"commit_frequency": 0.1800746935,
		"dogs_vs_cats": 0.3013676872,
		"experience_midpoint": 0.0911912051,
		"gender": -0.0397413894,
		"job_satisfaction": 1,
		"occupation_group": 0.0000886217,
		"programming_ability": 0.0298686996,
		"salary_midpoint": 0.1057565013,
		"why_learn_new_tech": 0.2726402133
	},
	"occupation_group": {
		"age_midpoint": 0.0167665794,
		"commit_frequency": 0.2284354809,
		"dogs_vs_cats": 0.0859055163,
		"experience_midpoint": 0.0086293931,
		"gender": 0.0029199776,
		"job_satisfaction": 0.0000886217,
		"occupation_group": 1,
		"programming_ability": -0.1321893052,
		"salary_midpoint": 0.0557196009,
		"why_learn_new_tech": 0.1274766614
	},
	"programming_ability": {
		"age_midpoint": 0.2301881921,
		"commit_frequency": -0.1561689322,
		"dogs_vs_cats": -0.0316037292,
		"experience_midpoint": 0.4299228235,
		"gender": -0.0285834602,
		"job_satisfaction": 0.0298686996,
		"occupation_group": -0.1321893052,
		"programming_ability": 1,
		"salary_midpoint": 0.2556595357,
		"why_learn_new_tech": -0.0451396345
	},
	"salary_midpoint": {
		"age_midpoint": 0.3450105361,
		"commit_frequency": 0.0097618398,
		"dogs_vs_cats": 0.0872052734,
		"experience_midpoint": 0.4296277951,
		"gender": -0.0343216092,
		"job_satisfaction": 0.1057565013,
		"occupation_group": 0.0557196009,
		"programming_ability": 0.2556595357,
		"salary_midpoint": 1,
		"why_learn_new_tech": 0.0836441384
	},
	"why_learn_new_tech": {
		"age_midpoint": -0.0135548622,
		"commit_frequency": 0.5025179161,
		"dogs_vs_cats": 0.5519795883,
		"experience_midpoint": -0.0226249835,
		"gender": 0.0005010235,
		"job_satisfaction": 0.2726402133,
		"occupation_group": 0.1274766614,
		"programming_ability": -0.0451396345,
		"salary_midpoint": 0.0836441384,
		"why_learn_new_tech": 1
	}
}