{  
    "desktop_os":{  
        "desktop_os":1.0,
        "experience_midpoint":-0.0178405881,
        "open_to_new_job":0.0446999703,
        "programming_ability":-0.0257009684,
        "salary_midpoint":-0.1139244313,
        "visit_frequency":-0.0089102081
    },
    "experience_midpoint":{  
        "desktop_os":-0.0178405881,
        "experience_midpoint":1.0,
        "open_to_new_job":-0.1003318947,
        "programming_ability":0.4672942213,
        "salary_midpoint":0.4814875219,
        "visit_frequency":0.0451506467
    },
    "open_to_new_job":{  
        "desktop_os":0.0446999703,
        "experience_midpoint":-0.1003318947,
        "open_to_new_job":1.0,
        "programming_ability":-0.0281311469,
        "salary_midpoint":-0.1670049084,
        "visit_frequency":-0.0696899565
    },
    "programming_ability":{  
        "desktop_os":-0.0257009684,
        "experience_midpoint":0.4672942213,
        "open_to_new_job":-0.0281311469,
        "programming_ability":1.0,
        "salary_midpoint":0.3092028124,
        "visit_frequency":-0.0360035651
    },
    "salary_midpoint":{  
        "desktop_os":-0.1139244313,
        "experience_midpoint":0.4814875219,
        "open_to_new_job":-0.1670049084,
        "programming_ability":0.3092028124,
        "salary_midpoint":1.0,
        "visit_frequency":0.1093478519
    },
    "visit_frequency":{  
        "desktop_os":-0.0089102081,
        "experience_midpoint":0.0451506467,
        "open_to_new_job":-0.0696899565,
        "programming_ability":-0.0360035651,
        "salary_midpoint":0.1093478519,
        "visit_frequency":1.0
    }
}